link,title,price,stock
a-light-in-the-attic_1000/index.html,A Light in the Attic,£51.77,In stock
tipping-the-velvet_999/index.html,Tipping the Velvet,£53.74,In stock
soumission_998/index.html,Soumission,£50.10,In stock
sharp-objects_997/index.html,Sharp Objects,£47.82,In stock
sapiens-a-brief-history-of-humankind_996/index.html,Sapiens: A Brief History of Humankind,£54.23,In stock
the-requiem-red_995/index.html,The Requiem Red,£22.65,In stock
the-dirty-little-secrets-of-getting-your-dream-job_994/index.html,The Dirty Little Secrets of Getting Your Dream Job,£33.34,In stock
the-coming-woman-a-novel-based-on-the-life-of-the-infamous-feminist-victoria-woodhull_993/index.html,"The Coming Woman: A Novel Based on the Life of the Infamous Feminist, Victoria Woodhull",£17.93,In stock
the-boys-in-the-boat-nine-americans-and-their-epic-quest-for-gold-at-the-1936-berlin-olympics_992/index.html,The Boys in the Boat: Nine Americans and Their Epic Quest for Gold at the 1936 Berlin Olympics,£22.60,In stock
the-black-maria_991/index.html,The Black Maria,£52.15,In stock
starving-hearts-triangular-trade-trilogy-1_990/index.html,"Starving Hearts (Triangular Trade Trilogy, #1)",£13.99,In stock
shakespeares-sonnets_989/index.html,Shakespeare's Sonnets,£20.66,In stock
set-me-free_988/index.html,Set Me Free,£17.46,In stock
scott-pilgrims-precious-little-life-scott-pilgrim-1_987/index.html,Scott Pilgrim's Precious Little Life (Scott Pilgrim #1),£52.29,In stock
rip-it-up-and-start-again_986/index.html,Rip it Up and Start Again,£35.02,In stock
our-band-could-be-your-life-scenes-from-the-american-indie-underground-1981-1991_985/index.html,"Our Band Could Be Your Life: Scenes from the American Indie Underground, 1981-1991",£57.25,In stock
olio_984/index.html,Olio,£23.88,In stock
mesaerion-the-best-science-fiction-stories-1800-1849_983/index.html,Mesaerion: The Best Science Fiction Stories 1800-1849,£37.59,In stock
libertarianism-for-beginners_982/index.html,Libertarianism for Beginners,£51.33,In stock
its-only-the-himalayas_981/index.html,It's Only the Himalayas,£45.17,In stock
in-her-wake_980/index.html,In Her Wake,£12.84,In stock
how-music-works_979/index.html,How Music Works,£37.32,In stock
foolproof-preserving-a-guide-to-small-batch-jams-jellies-pickles-condiments-and-more-a-foolproof-guide-to-making-small-batch-jams-jellies-pickles-condiments-and-more_978/index.html,"Foolproof Preserving: A Guide to Small Batch Jams, Jellies, Pickles, Condiments, and More: A Foolproof Guide to Making Small Batch Jams, Jellies, Pickles, Condiments, and More",£30.52,In stock
chase-me-paris-nights-2_977/index.html,Chase Me (Paris Nights #2),£25.27,In stock
black-dust_976/index.html,Black Dust,£34.53,In stock
birdsong-a-story-in-pictures_975/index.html,Birdsong: A Story in Pictures,£54.64,In stock
americas-cradle-of-quarterbacks-western-pennsylvanias-football-factory-from-johnny-unitas-to-joe-montana_974/index.html,America's Cradle of Quarterbacks: Western Pennsylvania's Football Factory from Johnny Unitas to Joe Montana,£22.50,In stock
aladdin-and-his-wonderful-lamp_973/index.html,Aladdin and His Wonderful Lamp,£53.13,In stock
worlds-elsewhere-journeys-around-shakespeares-globe_972/index.html,Worlds Elsewhere: Journeys Around Shakespeareâs Globe,£40.30,In stock
wall-and-piece_971/index.html,Wall and Piece,£44.18,In stock
the-four-agreements-a-practical-guide-to-personal-freedom_970/index.html,The Four Agreements: A Practical Guide to Personal Freedom,£17.66,In stock
the-five-love-languages-how-to-express-heartfelt-commitment-to-your-mate_969/index.html,The Five Love Languages: How to Express Heartfelt Commitment to Your Mate,£31.05,In stock
the-elephant-tree_968/index.html,The Elephant Tree,£23.82,In stock
the-bear-and-the-piano_967/index.html,The Bear and the Piano,£36.89,In stock
sophies-world_966/index.html,Sophie's World,£15.94,In stock
penny-maybe_965/index.html,Penny Maybe,£33.29,In stock
maude-1883-1993she-grew-up-with-the-country_964/index.html,Maude (1883-1993):She Grew Up with the country,£18.02,In stock
in-a-dark-dark-wood_963/index.html,"In a Dark, Dark Wood",£19.63,In stock
behind-closed-doors_962/index.html,Behind Closed Doors,£52.22,In stock
you-cant-bury-them-all-poems_961/index.html,You can't bury them all: Poems,£33.63,In stock
slow-states-of-collapse-poems_960/index.html,Slow States of Collapse: Poems,£57.31,In stock
reasons-to-stay-alive_959/index.html,Reasons to Stay Alive,£26.41,In stock
private-paris-private-10_958/index.html,Private Paris (Private #10),£47.61,In stock
higherselfie-wake-up-your-life-free-your-soul-find-your-tribe_957/index.html,#HigherSelfie: Wake Up Your Life. Free Your Soul. Find Your Tribe.,£23.11,In stock
without-borders-wanderlove-1_956/index.html,Without Borders (Wanderlove #1),£45.07,In stock
when-we-collided_955/index.html,When We Collided,£31.77,In stock
we-love-you-charlie-freeman_954/index.html,"We Love You, Charlie Freeman",£50.27,In stock
untitled-collection-sabbath-poems-2014_953/index.html,Untitled Collection: Sabbath Poems 2014,£14.27,In stock
unseen-city-the-majesty-of-pigeons-the-discreet-charm-of-snails-other-wonders-of-the-urban-wilderness_952/index.html,"Unseen City: The Majesty of Pigeons, the Discreet Charm of Snails & Other Wonders of the Urban Wilderness",£44.18,In stock
unicorn-tracks_951/index.html,Unicorn Tracks,£18.78,In stock
unbound-how-eight-technologies-made-us-human-transformed-society-and-brought-our-world-to-the-brink_950/index.html,"Unbound: How Eight Technologies Made Us Human, Transformed Society, and Brought Our World to the Brink",£25.52,In stock
tsubasa-world-chronicle-2-tsubasa-world-chronicle-2_949/index.html,Tsubasa: WoRLD CHRoNiCLE 2 (Tsubasa WoRLD CHRoNiCLE #2),£16.28,In stock
throwing-rocks-at-the-google-bus-how-growth-became-the-enemy-of-prosperity_948/index.html,Throwing Rocks at the Google Bus: How Growth Became the Enemy of Prosperity,£31.12,In stock
this-one-summer_947/index.html,This One Summer,£19.49,In stock
thirst_946/index.html,Thirst,£17.27,In stock
the-torch-is-passed-a-harding-family-story_945/index.html,The Torch Is Passed: A Harding Family Story,£19.09,In stock
the-secret-of-dreadwillow-carse_944/index.html,The Secret of Dreadwillow Carse,£56.13,In stock
the-girl-on-the-train_844/index.html,The Girl on the Train,£55.02,In stock
the-pioneer-woman-cooks-dinnertime-comfort-classics-freezer-food-16-minute-meals-and-other-delicious-ways-to-solve-supper_943/index.html,"The Pioneer Woman Cooks: Dinnertime: Comfort Classics, Freezer Food, 16-Minute Meals, and Other Delicious Ways to Solve Supper!",£56.41,In stock
the-past-never-ends_942/index.html,The Past Never Ends,£56.50,In stock
the-natural-history-of-us-the-fine-art-of-pretending-2_941/index.html,The Natural History of Us (The Fine Art of Pretending #2),£45.22,In stock
the-nameless-city-the-nameless-city-1_940/index.html,The Nameless City (The Nameless City #1),£38.16,In stock
the-murder-that-never-was-forensic-instincts-5_939/index.html,The Murder That Never Was (Forensic Instincts #5),£54.11,In stock
the-most-perfect-thing-inside-and-outside-a-birds-egg_938/index.html,The Most Perfect Thing: Inside (and Outside) a Bird's Egg,£42.96,In stock
the-mindfulness-and-acceptance-workbook-for-anxiety-a-guide-to-breaking-free-from-anxiety-phobias-and-worry-using-acceptance-and-commitment-therapy_937/index.html,"The Mindfulness and Acceptance Workbook for Anxiety: A Guide to Breaking Free from Anxiety, Phobias, and Worry Using Acceptance and Commitment Therapy",£23.89,In stock
the-life-changing-magic-of-tidying-up-the-japanese-art-of-decluttering-and-organizing_936/index.html,The Life-Changing Magic of Tidying Up: The Japanese Art of Decluttering and Organizing,£16.77,In stock
the-inefficiency-assassin-time-management-tactics-for-working-smarter-not-longer_935/index.html,"The Inefficiency Assassin: Time Management Tactics for Working Smarter, Not Longer",£20.59,In stock
the-gutsy-girl-escapades-for-your-life-of-epic-adventure_934/index.html,The Gutsy Girl: Escapades for Your Life of Epic Adventure,£37.13,In stock
the-electric-pencil-drawings-from-inside-state-hospital-no-3_933/index.html,The Electric Pencil: Drawings from Inside State Hospital No. 3,£56.06,In stock
the-death-of-humanity-and-the-case-for-life_932/index.html,The Death of Humanity: and the Case for Life,£58.11,In stock
the-bulletproof-diet-lose-up-to-a-pound-a-day-reclaim-energy-and-focus-upgrade-your-life_931/index.html,"The Bulletproof Diet: Lose up to a Pound a Day, Reclaim Energy and Focus, Upgrade Your Life",£49.05,In stock
the-art-forger_930/index.html,The Art Forger,£40.76,In stock
the-age-of-genius-the-seventeenth-century-and-the-birth-of-the-modern-mind_929/index.html,The Age of Genius: The Seventeenth Century and the Birth of the Modern Mind,£19.73,In stock
the-activists-tao-te-ching-ancient-advice-for-a-modern-revolution_928/index.html,The Activist's Tao Te Ching: Ancient Advice for a Modern Revolution,£32.24,In stock
spark-joy-an-illustrated-master-class-on-the-art-of-organizing-and-tidying-up_927/index.html,Spark Joy: An Illustrated Master Class on the Art of Organizing and Tidying Up,£41.83,In stock
soul-reader_926/index.html,Soul Reader,£39.58,In stock
security_925/index.html,Security,£39.25,In stock
saga-volume-6-saga-collected-editions-6_924/index.html,"Saga, Volume 6 (Saga (Collected Editions) #6)",£25.02,In stock
saga-volume-5-saga-collected-editions-5_923/index.html,"Saga, Volume 5 (Saga (Collected Editions) #5)",£51.04,In stock
reskilling-america-learning-to-labor-in-the-twenty-first-century_922/index.html,Reskilling America: Learning to Labor in the Twenty-First Century,£19.83,In stock
rat-queens-vol-3-demons-rat-queens-collected-editions-11-15_921/index.html,"Rat Queens, Vol. 3: Demons (Rat Queens (Collected Editions) #11-15)",£50.40,In stock
princess-jellyfish-2-in-1-omnibus-vol-01-princess-jellyfish-2-in-1-omnibus-1_920/index.html,"Princess Jellyfish 2-in-1 Omnibus, Vol. 01 (Princess Jellyfish 2-in-1 Omnibus #1)",£13.61,In stock
princess-between-worlds-wide-awake-princess-5_919/index.html,Princess Between Worlds (Wide-Awake Princess #5),£13.34,In stock
pop-gun-war-volume-1-gift_918/index.html,"Pop Gun War, Volume 1: Gift",£18.97,In stock
political-suicide-missteps-peccadilloes-bad-calls-backroom-hijinx-sordid-pasts-rotten-breaks-and-just-plain-dumb-mistakes-in-the-annals-of-american-politics_917/index.html,"Political Suicide: Missteps, Peccadilloes, Bad Calls, Backroom Hijinx, Sordid Pasts, Rotten Breaks, and Just Plain Dumb Mistakes in the Annals of American Politics",£36.28,In stock
patience_916/index.html,Patience,£10.16,In stock
outcast-vol-1-a-darkness-surrounds-him-outcast-1_915/index.html,"Outcast, Vol. 1: A Darkness Surrounds Him (Outcast #1)",£15.44,In stock
orange-the-complete-collection-1-orange-the-complete-collection-1_914/index.html,orange: The Complete Collection 1 (orange: The Complete Collection #1),£48.41,In stock
online-marketing-for-busy-authors-a-step-by-step-guide_913/index.html,Online Marketing for Busy Authors: A Step-By-Step Guide,£46.35,In stock
on-a-midnight-clear_912/index.html,On a Midnight Clear,£14.07,In stock
obsidian-lux-1_911/index.html,Obsidian (Lux #1),£14.86,In stock
my-paris-kitchen-recipes-and-stories_910/index.html,My Paris Kitchen: Recipes and Stories,£33.37,In stock
masks-and-shadows_909/index.html,Masks and Shadows,£56.40,In stock
mama-tried-traditional-italian-cooking-for-the-screwed-crude-vegan-and-tattooed_908/index.html,"Mama Tried: Traditional Italian Cooking for the Screwed, Crude, Vegan, and Tattooed",£14.02,In stock
lumberjanes-vol-2-friendship-to-the-max-lumberjanes-5-8_907/index.html,"Lumberjanes, Vol. 2: Friendship to the Max (Lumberjanes #5-8)",£46.91,In stock
lumberjanes-vol-1-beware-the-kitten-holy-lumberjanes-1-4_906/index.html,"Lumberjanes, Vol. 1: Beware the Kitten Holy (Lumberjanes #1-4)",£45.61,In stock
lumberjanes-vol-3-a-terrible-plan-lumberjanes-9-12_905/index.html,Lumberjanes Vol. 3: A Terrible Plan (Lumberjanes #9-12),£19.92,In stock
layered-baking-building-and-styling-spectacular-cakes_904/index.html,"Layered: Baking, Building, and Styling Spectacular Cakes",£40.11,In stock
judo-seven-steps-to-black-belt-an-introductory-guide-for-beginners_903/index.html,Judo: Seven Steps to Black Belt (an Introductory Guide for Beginners),£53.90,In stock
join_902/index.html,Join,£35.67,In stock
in-the-country-we-love-my-family-divided_901/index.html,In the Country We Love: My Family Divided,£22.00,In stock
immunity-how-elie-metchnikoff-changed-the-course-of-modern-medicine_900/index.html,Immunity: How Elie Metchnikoff Changed the Course of Modern Medicine,£57.36,In stock
i-hate-fairyland-vol-1-madly-ever-after-i-hate-fairyland-compilations-1-5_899/index.html,"I Hate Fairyland, Vol. 1: Madly Ever After (I Hate Fairyland (Compilations) #1-5)",£29.17,In stock
i-am-a-hero-omnibus-volume-1_898/index.html,I am a Hero Omnibus Volume 1,£54.63,In stock
how-to-be-miserable-40-strategies-you-already-use_897/index.html,How to Be Miserable: 40 Strategies You Already Use,£46.03,In stock
her-backup-boyfriend-the-sorensen-family-1_896/index.html,Her Backup Boyfriend (The Sorensen Family #1),£33.97,In stock
giant-days-vol-2-giant-days-5-8_895/index.html,"Giant Days, Vol. 2 (Giant Days #5-8)",£22.11,In stock
forever-and-forever-the-courtship-of-henry-longfellow-and-fanny-appleton_894/index.html,Forever and Forever: The Courtship of Henry Longfellow and Fanny Appleton,£29.69,In stock
first-and-first-five-boroughs-3_893/index.html,First and First (Five Boroughs #3),£15.97,In stock
fifty-shades-darker-fifty-shades-2_892/index.html,Fifty Shades Darker (Fifty Shades #2),£21.96,In stock
everydata-the-misinformation-hidden-in-the-little-data-you-consume-every-day_891/index.html,Everydata: The Misinformation Hidden in the Little Data You Consume Every Day,£54.35,In stock
dont-be-a-jerk-and-other-practical-advice-from-dogen-japans-greatest-zen-master_890/index.html,"Don't Be a Jerk: And Other Practical Advice from Dogen, Japan's Greatest Zen Master",£37.97,In stock
danganronpa-volume-1_889/index.html,Danganronpa Volume 1,£51.99,In stock
crown-of-midnight-throne-of-glass-2_888/index.html,Crown of Midnight (Throne of Glass #2),£43.29,In stock
codename-baboushka-volume-1-the-conclave-of-death_887/index.html,"Codename Baboushka, Volume 1: The Conclave of Death",£36.72,In stock
camp-midnight_886/index.html,Camp Midnight,£17.08,In stock
call-the-nurse-true-stories-of-a-country-nurse-on-a-scottish-isle_885/index.html,Call the Nurse: True Stories of a Country Nurse on a Scottish Isle,£29.14,In stock
burning_884/index.html,Burning,£28.81,In stock
bossypants_883/index.html,Bossypants,£49.46,In stock
bitch-planet-vol-1-extraordinary-machine-bitch-planet-collected-editions_882/index.html,"Bitch Planet, Vol. 1: Extraordinary Machine (Bitch Planet (Collected Editions))",£37.92,In stock
avatar-the-last-airbender-smoke-and-shadow-part-3-smoke-and-shadow-3_881/index.html,"Avatar: The Last Airbender: Smoke and Shadow, Part 3 (Smoke and Shadow #3)",£28.09,In stock
algorithms-to-live-by-the-computer-science-of-human-decisions_880/index.html,Algorithms to Live By: The Computer Science of Human Decisions,£30.81,In stock
a-world-of-flavor-your-gluten-free-passport_879/index.html,A World of Flavor: Your Gluten Free Passport,£42.95,In stock
a-piece-of-sky-a-grain-of-rice-a-memoir-in-four-meditations_878/index.html,"A Piece of Sky, a Grain of Rice: A Memoir in Four Meditations",£56.76,In stock
a-murder-in-time_877/index.html,A Murder in Time,£16.64,In stock
a-flight-of-arrows-the-pathfinders-2_876/index.html,A Flight of Arrows (The Pathfinders #2),£55.53,In stock
a-fierce-and-subtle-poison_875/index.html,A Fierce and Subtle Poison,£28.13,In stock
a-court-of-thorns-and-roses-a-court-of-thorns-and-roses-1_874/index.html,A Court of Thorns and Roses (A Court of Thorns and Roses #1),£52.37,In stock
unqualified-how-god-uses-broken-people-to-do-big-things_873/index.html,(Un)Qualified: How God Uses Broken People to Do Big Things,£54.00,In stock
you-are-what-you-love-the-spiritual-power-of-habit_872/index.html,You Are What You Love: The Spiritual Power of Habit,£21.87,In stock
william-shakespeares-star-wars-verily-a-new-hope-william-shakespeares-star-wars-4_871/index.html,"William Shakespeare's Star Wars: Verily, A New Hope (William Shakespeare's Star Wars #4)",£43.30,In stock
tuesday-nights-in-1980_870/index.html,Tuesday Nights in 1980,£21.04,In stock
tracing-numbers-on-a-train_869/index.html,Tracing Numbers on a Train,£41.60,In stock
throne-of-glass-throne-of-glass-1_868/index.html,Throne of Glass (Throne of Glass #1),£35.07,In stock
thomas-jefferson-and-the-tripoli-pirates-the-forgotten-war-that-changed-american-history_867/index.html,Thomas Jefferson and the Tripoli Pirates: The Forgotten War That Changed American History,£59.64,In stock
thirteen-reasons-why_866/index.html,Thirteen Reasons Why,£52.72,In stock
the-white-cat-and-the-monk-a-retelling-of-the-poem-pangur-ban_865/index.html,The White Cat and the Monk: A Retelling of the Poem âPangur BÃ¡nâ,£58.08,In stock
the-wedding-dress_864/index.html,The Wedding Dress,£24.12,In stock
the-vacationers_863/index.html,The Vacationers,£42.15,In stock
the-third-wave-an-entrepreneurs-vision-of-the-future_862/index.html,The Third Wave: An Entrepreneurâs Vision of the Future,£12.61,In stock
the-stranger_861/index.html,The Stranger,£17.44,In stock
the-shadow-hero-the-shadow-hero_860/index.html,The Shadow Hero (The Shadow Hero),£33.14,In stock
the-secret-the-secret-1_859/index.html,The Secret (The Secret #1),£27.37,In stock
the-regional-office-is-under-attack_858/index.html,The Regional Office Is Under Attack!,£51.36,In stock
the-psychopath-test-a-journey-through-the-madness-industry_857/index.html,The Psychopath Test: A Journey Through the Madness Industry,£36.00,In stock
the-project_856/index.html,The Project,£10.65,In stock
the-power-of-now-a-guide-to-spiritual-enlightenment_855/index.html,The Power of Now: A Guide to Spiritual Enlightenment,£43.54,In stock
the-omnivores-dilemma-a-natural-history-of-four-meals_854/index.html,The Omnivore's Dilemma: A Natural History of Four Meals,£38.21,In stock
the-nerdy-nummies-cookbook-sweet-treats-for-the-geek-in-all-of-us_853/index.html,The Nerdy Nummies Cookbook: Sweet Treats for the Geek in All of Us,£37.34,In stock
the-murder-of-roger-ackroyd-hercule-poirot-4_852/index.html,The Murder of Roger Ackroyd (Hercule Poirot #4),£44.10,In stock
the-mistake-off-campus-2_851/index.html,The Mistake (Off-Campus #2),£43.29,In stock
the-matchmakers-playbook-wingmen-inc-1_850/index.html,The Matchmaker's Playbook (Wingmen Inc. #1),£55.85,In stock
the-love-and-lemons-cookbook-an-apple-to-zucchini-celebration-of-impromptu-cooking_849/index.html,The Love and Lemons Cookbook: An Apple-to-Zucchini Celebration of Impromptu Cooking,£37.60,In stock
the-long-shadow-of-small-ghosts-murder-and-memory-in-an-american-city_848/index.html,The Long Shadow of Small Ghosts: Murder and Memory in an American City,£10.97,In stock
the-kite-runner_847/index.html,The Kite Runner,£41.82,In stock
the-house-by-the-lake_846/index.html,The House by the Lake,£36.95,In stock
the-glittering-court-the-glittering-court-1_845/index.html,The Glittering Court (The Glittering Court #1),£44.28,In stock
the-genius-of-birds_843/index.html,The Genius of Birds,£17.24,In stock
the-emerald-mystery_842/index.html,The Emerald Mystery,£23.15,In stock
the-cookies-cups-cookbook-125-sweet-savory-recipes-reminding-you-to-always-eat-dessert-first_841/index.html,The Cookies & Cups Cookbook: 125+ sweet & savory recipes reminding you to Always Eat Dessert First,£41.25,In stock
the-bridge-to-consciousness-im-writing-the-bridge-between-science-and-our-old-and-new-beliefs_840/index.html,The Bridge to Consciousness: I'm Writing the Bridge Between Science and Our Old and New Beliefs.,£32.00,In stock
the-artists-way-a-spiritual-path-to-higher-creativity_839/index.html,The Artist's Way: A Spiritual Path to Higher Creativity,£38.49,In stock
the-art-of-war_838/index.html,The Art of War,£33.34,In stock
the-argonauts_837/index.html,The Argonauts,£10.93,In stock
the-10-entrepreneur-live-your-startup-dream-without-quitting-your-day-job_836/index.html,The 10% Entrepreneur: Live Your Startup Dream Without Quitting Your Day Job,£27.55,In stock
suddenly-in-love-lake-haven-1_835/index.html,Suddenly in Love (Lake Haven #1),£55.99,In stock
something-more-than-this_834/index.html,Something More Than This,£16.24,In stock
soft-apocalypse_833/index.html,Soft Apocalypse,£26.12,In stock
so-youve-been-publicly-shamed_832/index.html,So You've Been Publicly Shamed,£12.23,In stock
shoe-dog-a-memoir-by-the-creator-of-nike_831/index.html,Shoe Dog: A Memoir by the Creator of NIKE,£23.99,In stock
shobu-samurai-project-aryoku-3_830/index.html,"Shobu Samurai, Project Aryoku (#3)",£29.06,In stock
secrets-and-lace-fatal-hearts-1_829/index.html,Secrets and Lace (Fatal Hearts #1),£20.27,In stock
scarlett-epstein-hates-it-here_828/index.html,Scarlett Epstein Hates It Here,£43.55,In stock
romero-and-juliet-a-tragic-tale-of-love-and-zombies_827/index.html,Romero and Juliet: A Tragic Tale of Love and Zombies,£36.94,In stock
redeeming-love_826/index.html,Redeeming Love,£20.47,In stock
poses-for-artists-volume-1-dynamic-and-sitting-poses-an-essential-reference-for-figure-drawing-and-the-human-form_825/index.html,Poses for Artists Volume 1 - Dynamic and Sitting Poses: An Essential Reference for Figure Drawing and the Human Form,£41.06,In stock
poems-that-make-grown-women-cry_824/index.html,Poems That Make Grown Women Cry,£14.19,In stock
nightingale-sing_823/index.html,"Nightingale, Sing",£38.28,In stock
night-sky-with-exit-wounds_822/index.html,Night Sky with Exit Wounds,£41.05,In stock
mrs-houdini_821/index.html,Mrs. Houdini,£30.25,In stock
tape,xes,£30.25,In stock
